Distance(Km),Visakhapatnam,Guntur,Kadapa,Kurnool,Guwhati,Goalpara,Goalpara,Tezpur,Silchar,Aurangabad,Bhagalpur,ChamparanEast,Darbangha,Mazaffanagar,Patna,Purnia,Saran,Raipur,Bastar,Sarguja,Kurukshetra,Gurgaon,Hisar,Rohtak,Shimla,Mandi,Dharamshala,Deoghar,Ranchi,Banglore,Chitradurga,Gulbarga,Manglore,Mysore,Belgaum,Bagalkote,Thiruvanantapuram,Eranakulam,Calicut(Khozikode),Bhopal,Gwalior,Indore,Jabalpur,Sagar,Ujjain,Ratlam,Rewa,Thane,Nashik,Pune,Kolhapur,Aurangabad,Latur,Akola,Nagpur,Bhubaneswar,Balasore,Bolangir,Ganjam,Kandhamal,Koraput,Sundargarh,Samablpur,Amritsar,Ferozepur,Hoshiarpur,Jaipur,Ajmer,Kota,Bharatpur,Bikaner,Jodhpur,Udaipur,Chennai,Vellore,Cuddalore,Trichy,Madurai,Sivaganga,Tirunelveli,Coimbatore,Salem,Nizamabad,Warangal,Hyderabad,Agartala,Lucknow,Devipatan,Faizabad,Agra,Aligarh,Bundelkhand,Allahabad,Azamgarh,Vindhyachal,Varanasi,Kanpur,Chitrakoot,Bareilly,Moradabad,Meerut,Saharanpur,Basti,Gorakhpur,Almora,Srinagar,USNagar,Dehradun
PortBlair,1485.230306,1422.373799,1684.888276,1654.632995,1616.685062,1627.347051,1627.347051,1664.218212,1463.400643,1701.508602,1627.430918,1849.644652,1764.019108,2360.602712,1746.641906,1663.81005,2041.281611,1591.402933,1421.851087,2041.281611,2612.980042,1422.373799,2625.287143,2545.254887,2689.992585,2182.273125,1504.918565,1561.739902,1517.208581,2377.94678,1416.166109,1824.199532,1949.937104,1753.621467,2023.632911,1701.508602,2208.718695,1806.078144,1849.644652,2072.954021,2225.729336,2171.316607,1864.645012,2005.479134,2205.921992,2278.349639,1441.972508,1664.218212,1598.691535,2165.27367,2071.981858,1701.508602,1889.095609,1957.478278,1796.575826,1208.715703,2018.906378,1614.592338,1189.861259,2262.278706,1795.222475,1485.674888,1588.827788,2877.821574,2457.481694,2625.287143,2452.57317,2509.087183,2327.943213,2350.569596,2719.185697,2628.811104,2468.221684,1366.773085,1485.230306,1413.801132,1534.803417,1609.628541,2703.115202,1680.540419,1722.196373,1588.827788,1753.337142,1306.820157,1663.803487,1362.064148,2091.612017,2057.457496,2012.711817,2312.613044,2363.36484,2420.366243,1913.145958,1701.508602,1485.230306,1831.126378,2095.695568,1416.166109,2314.989785,2397.315987,2477.611842,2570.25083,1981.69264,1941.043895,1913.145958,3085.970285,1628.472055,2570.310873
Hyderabad,503.2922095,244.7115376,1925.658992,178.6378495,1684.323149,1589.564247,1589.564247,1798.780333,1700.678384,1023.455946,1240.998743,740.6542,1240.452621,1128.097184,1144.133005,1318.224246,417.2154233,542.4748583,416.0261412,417.2154233,1408.571538,244.7115376,1338.037626,1293.985746,1531.178951,545.1226925,1095.100247,1163.620949,976.5841027,1271.286985,266.2769584,171.8864941,634.7125242,598.8845363,453.3669331,1023.455946,1043.934653,855.4067264,740.6542,661.9485928,984.0295048,652.1411607,662.0756824,718.326287,702.658675,750.8864192,859.4817415,1798.780333,211.9684996,503.1858989,455.6090568,1023.455946,228.0137415,400.2765611,423.5042382,840.0911802,976.5186264,649.9480077,730.679705,598.4920649,966.9248332,786.2092231,638.2735555,1623.808201,1231.710182,1338.037626,1094.5396,1082.270172,908.4648853,1097.648743,1294.203478,1136.439709,940.4772762,515.2718723,503.2922095,642.4901448,733.6631247,831.0661507,1395.346703,966.4414633,727.2022699,638.2735555,148.2092033,814.295183,0,1514.013729,1081.541157,1140.92464,1110.838576,1091.122899,1167.912353,1226.872358,962.2817532,1023.455946,503.2922095,999.8425235,1026.41243,266.2769584,1223.00725,1274.13489,1291.670199,1402.308648,1138.268903,1156.659133,962.2817532,1892.365659,954.5210247,1439.532744
Naharlagun,2188.782647,1818.384013,63.46224798,2045.795473,218.5274253,322.9949883,322.9949883,103.6046667,269.1653748,968.248714,702.405899,2572.443881,783.0494954,1582.968825,872.317289,637.1098849,2273.614786,1386.304702,1493.339356,2273.614786,1671.916584,1818.384013,1775.500363,1689.942241,1664.551185,2079.144769,815.7260068,759.2430401,938.7982143,1451.043139,1863.254933,2044.260592,2521.636919,2424.100539,2341.476354,968.248714,1455.330551,2637.182329,2572.443881,1693.371,1544.755928,1862.224639,1451.758146,1544.097729,1854.180545,1921.341341,1044.374614,103.6046667,2035.412665,2243.701085,2313.480937,968.248714,2001.235672,1838.509658,1622.56,1103.513953,1290.814212,1293.246773,1231.017949,2272.636425,2710.105735,1122.580673,2363.730621,1889.081308,1617.492824,1775.500363,1772.94735,1891.626652,1793.938625,1602.180561,2009.497931,2055.581612,2019.708044,2095.102468,2188.782647,2243.703904,2398.860671,2514.669806,1845.186492,2648.565519,2503.719208,2363.730621,1850.257291,1098.754522,1902.367996,437.4382567,1265.821646,1164.295083,1145.386187,1551.89194,1542.413482,1564.233847,1195.929903,968.248714,2188.782647,1084.744249,1328.275957,1863.254933,1411.075913,1476.915855,1581.921245,1608.151127,1083.955688,1023.502674,1195.929903,1963.60904,2610.491387,1567.429952
Guwahati,1978.951912,1604.216355,251.350477,1828.948194,0,113.5455964,113.5455964,115.1221118,182.4359033,758.3628904,491.0196919,2359.049754,585.8934188,1405.02263,669.2232862,431.0278439,2055.199864,1167.999878,1276.305711,2055.199864,1518.71319,1604.216355,1612.581494,1525.177292,1524.617654,1865.537736,597.5298091,542.9002205,720.7357451,1287.80632,1649.871482,1825.752681,2305.040894,2210.444475,2122.956998,758.3628904,1270.06242,2426.767709,2359.049754,1485.517548,1355.188667,1653.96425,1240.179472,1337.386796,1647.999334,1716.693561,825.9438868,115.1221118,1819.545382,2026.898568,2095.082054,758.3628904,1782.948765,1622.833067,1405.867981,892.9970598,1096.230199,1075.632901,1020.909231,2057.496981,2502.279873,904.0591392,2154.186945,1749.539334,1448.37248,1612.581494,1590.148782,1705.829959,1598.583795,1421.548934,1835.82131,1869.421867,1822.813469,1887.870922,1978.951912,2038.264965,2192.523696,2308.608299,1685.306185,2443.793635,2292.825743,2154.186945,1631.748861,883.4594257,1684.323149,264.7176331,1080.806541,982.6660607,959.2977332,1370.940209,1368.272727,1395.389333,996.0600273,758.3628904,1978.951912,882.0775735,1139.400978,1649.871482,1242.872426,1313.750486,1419.096739,1456.062343,898.251338,836.622738,996.0600273,1849.209483,2406.86467,1420.467531
Patna,1544.972506,1142.261747,916.8529707,1312.296339,669.2232862,555.9268153,555.9268153,776.7926487,779.0941583,120.688027,192.3398605,1874.043271,99.23644688,767.9659526,0,238.4133017,1461.571796,602.0890567,792.662961,1461.571796,942.2413199,1142.261747,1005.624202,916.6586597,987.0178695,1218.771801,242.9789185,203.884615,253.289227,696.2204361,1195.186161,1255.659371,1778.479861,1726.742672,1544.26537,120.688027,620.3636691,1970.544445,1874.043271,822.1605749,696.0834448,991.1431747,589.199493,672.2609284,981.9588486,1049.09335,377.7631504,776.7926487,1320.436575,1401.702889,1499.999122,120.688027,1188.689001,991.4369593,789.476755,598.8304129,432.6250015,494.194582,692.5734048,1418.217582,2067.055641,403.4359961,1715.363058,1200.025543,831.5287246,1005.624202,939.5743243,1049.15254,931.3859781,778.1216353,1199.157781,1211.133784,1154.392777,1482.972847,1544.972506,1640.792946,1780.580033,1894.444509,1083.615068,2035.244825,1836.066369,1715.363058,1055.815095,518.935967,1144.133005,654.5461298,438.362052,357.9703043,321.7145571,728.0325838,741.6432212,781.4906236,327.421902,120.688027,1544.972506,212.9252336,485.4155747,1195.186161,639.3661617,720.5632231,820.623085,886.5638097,268.6193607,212.0903053,327.421902,1367.015202,2008.412518,869.0374912
Chandigarh,1997.253442,1647.930222,1752.363258,1662.475101,1547.66095,1443.816628,1443.816628,1625.434455,1704.315685,999.4950471,1170.762831,2169.490064,1024.989865,369.57573,993.4968248,1182.135906,1559.631214,1161.960008,1393.501608,1559.631214,85.69950349,1647.930222,203.7109494,205.698386,54.56094985,1153.071016,1225.837628,1197.362637,1178.976234,305.570872,1697.322528,1490.07593,1997.16215,2050.892628,1670.046964,999.4950471,492.6937315,2308.370428,2169.490064,834.13529,519.0438765,896.3830068,896.6975761,790.7386708,845.9073476,841.4698536,1240.745399,1625.434455,1705.400008,1391.016461,1582.632335,999.4950471,1371.943864,1115.115198,1090.829878,1474.356982,665.8080457,1100.529859,1510.455647,1329.607596,2430.279211,1198.779181,2126.852153,206.9476254,263.4724184,203.7109494,436.1208463,520.5277332,624.542944,397.4646322,452.3402971,619.1069526,749.4047759,1994.59389,1997.253442,2133.700425,2226.673829,2319.05994,215.5693297,2449.288318,2194.030316,2126.852153,1347.84487,1376.448605,1494.255344,1622.53957,591.6025793,641.0659974,683.1649739,411.8935269,341.0487389,279.2033086,769.23137,999.4950471,1997.253442,857.2411762,588.8545018,1697.322528,368.0594276,285.1771625,214.417004,112.1319545,727.3087613,781.4178031,769.23137,416.3307401,2442.748529,127.7818588
Raipur,963.1589598,562.3783047,1415.876574,710.5091978,1167.999878,1066.641802,1066.641802,1283.118092,1209.843811,481.4144968,704.4393637,1273.561569,698.0150424,804.2453782,602.0890567,780.7395758,887.5160951,0,238.7728179,887.5160951,1081.780531,562.3783047,1062.236726,991.5503051,1184.313717,742.9940799,570.6102848,632.1161874,447.8618954,881.3954839,616.4614924,664.0918479,1177.161767,1127.117409,959.245655,481.4144968,669.384738,1374.869092,1273.561569,489.9444885,657.710988,617.8587274,277.7109916,415.1448592,640.6391551,717.2186091,351.4570916,1283.118092,721.0545331,868.1424614,927.3058786,481.4144968,614.9493106,484.7604793,264.0448022,449.6395991,525.31728,108.5234717,411.3916493,913.6048868,1476.138576,267.2455389,1127.898652,1336.060184,909.232236,1062.236726,866.353757,917.6973955,737.0322782,786.4238751,1128.945841,1040.891245,894.3491211,917.9376452,963.1589598,1073.507711,1202.493253,1313.143927,1136.182264,1453.778242,1241.414554,1127.898652,466.2356282,374.4604573,542.4748583,1031.821642,627.5119245,656.3725152,618.1797565,757.4165528,822.0586078,883.5285455,468.7871712,481.4144968,963.1589598,475.2966008,594.9529051,616.4614924,821.8401549,893.2137983,947.5922294,1053.948891,631.0501837,637.0076223,468.7871712,1578.28643,1431.414533,1072.989104
Silvasa,1047.581595,902.0467447,2274.545162,725.8690977,2023.201383,1913.518893,1913.518893,2136.156926,2092.183105,1268.623286,1533.648639,1046.629796,1468.843709,932.9728095,1372.420967,1600.466194,414.2287427,903.1086855,945.4355204,414.2287427,1145.964457,902.0467447,1024.531842,1024.362183,1273.878727,160.5319204,1438.545373,1482.236911,1317.517075,1127.24821,920.6021139,518.9708546,846.7975608,968.3909876,515.678224,1268.623286,945.5999675,1197.759295,1046.629796,561.8909952,846.4790125,400.9463912,784.7997218,711.0329333,431.6013148,399.2914053,1247.381734,2136.156926,787.4864275,214.9332417,418.4551447,1268.623286,429.3452727,418.4592198,639.7894205,1337.5556,1011.712702,969.3366465,1263.495045,115.4905227,1323.952823,1161.437721,1105.514059,1275.400867,1004.086837,1024.531842,790.5363157,706.6991372,618.0679322,896.3926095,861.4690333,666.4023302,483.7257627,1110.472313,1047.581595,1191.539541,1218.116746,1275.44493,1049.544068,1379.110065,1114.285885,1105.514059,562.7921639,1273.995292,657.3575244,1922.700191,1087.40014,1185.092011,1178.278669,921.4033104,989.6040947,1028.474089,1071.894603,1268.623286,1047.581595,1167.660093,1014.625358,920.6021139,1107.649577,1116.307467,1077.843713,1170.23901,1231.073894,1277.685808,1071.894603,1545.825247,1390.006665,1225.898773
Daman,1071.115974,925.4254627,2285.554801,749.761589,2034.242162,1924.244383,1924.244383,2146.960759,2104.946576,1278.712509,1544.26261,1066.796608,1477.512001,928.8346172,1381.469981,1610.524151,435.8370011,919.0882888,965.3570883,435.8370011,1137.522548,925.4254627,1014.529334,1016.29949,1265.078542,176.150831,1451.145139,1493.879991,1330.483132,1123.851157,944.2201461,542.8620193,866.2353771,990.0085052,536.1998023,1278.712509,945.4322876,1218.081452,1066.796608,567.6490302,845.6687311,404.3644865,794.8887151,717.4993392,432.5466628,396.2645769,1262.093268,2146.960759,811.3830192,236.7704969,439.0110775,1278.712509,452.7660573,434.924137,655.383094,1355.265252,1016.170828,983.611487,1282.440284,133.9702267,1344.21803,1176.155811,1128.133547,1262.790197,997.9895063,1014.529334,782.7376364,696.1702942,613.2029375,892.3096153,846.860383,651.1868565,471.4586203,1134.300313,1071.115974,1214.980827,1240.767748,1297.402215,1037.969508,1400.328505,1135.679513,1128.133547,584.9131867,1290.761707,680.761976,1936.320466,1090.166189,1188.636063,1182.7167,918.4633047,985.7291188,1023.46107,1078.570766,1278.712509,1071.115974,1175.708088,1017.283716,944.2201461,1105.538672,1112.413882,1071.852664,1162.962124,1236.115251,1283.479289,1078.570766,1532.54717,1411.615747,1219.113933
Delhi,1761.969053,1412.708602,1682.573845,1428.250726,1459.544834,1349.958411,1349.958411,1548.730657,1601.816593,831.2776413,1036.697074,1941.107161,898.6292786,134.8274363,848.5290162,1061.622635,1339.525097,936.4767031,1164.514785,1339.525097,150.4484708,1412.708602,157.0990382,68.16251576,272.7661991,939.5791702,1064.840367,1048.498427,1001.663749,177.183737,1461.912321,1258.946603,1772.720939,1820.109624,1449.292094,831.2776413,274.1594932,2078.326143,1941.107161,600.3966793,284.9201489,674.0317033,666.3546203,555.8662376,625.3380118,630.9260206,1047.34477,1548.730657,1470.516259,1178.657181,1364.459168,831.2776413,1141.925933,883.46855,855.3527133,1274.298723,466.7083032,882.2075468,1299.973413,1125.641819,2199.464057,997.0084027,1892.853297,400.500884,27.93996512,157.0990382,239.883071,353.7755947,409.7351784,161.8028042,389.7346945,493.9774796,573.4821449,1758.91976,1761.969053,1898.131805,1992.01825,2085.262399,235.4438161,2216.265787,1962.384366,1892.853297,1113.098751,1176.222305,1259.15779,1498.577553,415.4246888,491.7477851,526.8888592,179.6181718,118.9864304,67.10855241,579.3477983,831.2776413,1761.969053,681.6274203,391.6073133,1461.912321,216.7136269,152.0796068,58.91413199,149.4490963,581.4333675,641.7284957,579.3477983,646.5434381,2208.9844,201.5265335
Goa,602.5391154,686.6593142,2437.13376,423.1536942,2193.055394,2095.018046,2095.018046,2307.966451,2215.92836,1499.176695,1735.386031,484.8249434,1716.844245,1405.615719,1618.074084,1811.309988,179.5993623,1031.147362,933.0040263,179.5993623,1655.360883,686.6593142,1549.263156,1532.756333,1784.476855,587.5346494,1598.516463,1662.831239,1477.189307,1584.314459,669.6762293,367.5943985,281.5082698,430.6724191,74.96218146,1499.176695,1371.106447,636.6528398,484.8249434,949.0502987,1285.970022,844.768139,1066.90722,1065.225579,893.5251805,898.1565666,1367.203504,2307.966451,467.7996189,358.5678652,155.6876428,1499.176695,432.8605448,673.9472489,834.9851915,1356.926302,1366.617803,1132.653495,1245.364922,450.9750649,762.1175122,1289.664867,595.6669979,1816.634736,1494.429622,1549.263156,1302.844799,1241.281943,1113.383034,1369.982761,1416.664643,1225.210172,1032.902549,704.5875739,602.5391154,726.4847281,705.2827077,738.8975544,1585.636424,827.1255448,567.975567,595.6669979,565.2098861,1330.552607,517.1114201,2029.977894,1463.478333,1543.310565,1522.277889,1381.447124,1457.142275,1506.933057,1384.780981,1499.176695,602.5391154,1447.608472,1396.919432,669.6762293,1549.859111,1579.524954,1565.020447,1668.129464,1561.700011,1592.333365,1384.780981,2090.070335,844.4477088,1717.693469
Ahemdabad,1321.386179,1113.317398,2218.187694,983.6602539,1969.796067,1856.844937,1856.844937,2078.130021,2063.709529,1214.891678,1481.252818,1352.743875,1390.364193,714.9238558,1301.338024,1538.878707,716.651835,954.1959843,1066.065736,716.651835,883.1775515,1113.317398,750.8070302,766.4355486,1006.977263,338.5896929,1417.568273,1445.930196,1305.071868,911.7325302,1142.439426,773.2155415,1154.599873,1268.256455,821.6001307,1214.891678,771.1278611,1503.291899,1352.743875,494.6723591,669.0705932,338.4793483,753.3550332,635.5915502,328.2748778,254.6807079,1264.443592,2078.130021,1043.157661,518.708197,724.6009228,1214.891678,662.0514337,524.1811659,703.0582013,1403.81125,890.9961423,989.5835622,1354.904987,424.234948,1629.582316,1181.243855,1396.058694,982.8772793,764.4546072,750.8070302,540.5835591,434.7385097,409.4732102,680.185793,560.414168,363.5880273,207.2096108,1370.243674,1321.386179,1467.058976,1507.86124,1572.12753,764.4038299,1680.637655,1415.201318,1396.058694,750.796126,1324.920746,877.3575659,1909.489084,942.6827036,1046.903913,1051.437845,716.5739013,772.5716293,798.8466785,977.6751436,1214.891678,1321.386179,1088.519716,871.230678,1142.439426,906.1454309,895.9491553,837.7101725,916.9959977,1110.36079,1165.368618,977.6751436,1249.263194,1689.109556,976.2590909
Vadora,1218.495659,1011.455406,2178.074813,880.1829638,1928.15572,1815.942682,1815.942682,2038.245542,2014.54007,1170.209555,1437.607414,1258.886903,1354.903318,733.024494,1262.897562,1498.459502,621.7452368,877.9597889,976.1933607,621.7452368,928.0519981,1011.455406,802.656464,807.7950128,1054.82593,235.1305708,1363.924391,1397.063814,1248.317795,929.9780403,1039.862004,669.8134002,1063.179411,1170.59265,728.6496909,1170.209555,768.4635661,1408.738992,1258.886903,442.9695654,666.4604994,276.2109114,696.7209129,590.9775529,281.080565,220.0094093,1199.207986,2038.245542,939.6072462,426.2726228,632.2738237,1170.209555,558.4567486,430.075536,620.7525502,1326.982171,867.1481315,921.3987684,1272.26041,339.8621369,1535.008487,1114.741693,1295.407235,1049.69408,794.8119809,802.656464,575.4761248,483.9433007,417.6894199,696.9771112,635.925726,441.8079485,258.2669148,1266.689077,1218.495659,1364.225172,1406.945044,1472.955812,824.8580432,1583.330613,1317.831337,1295.407235,649.6879665,1251.364304,774.4524757,1855.379817,928.9055392,1031.336706,1031.432635,727.8553761,790.6303426,823.8226856,944.8433231,1170.209555,1218.495659,1051.367784,856.2193,1039.862004,917.3835069,916.5926455,868.7682568,956.0596816,1088.435014,1140.65763,944.8433231,1319.833684,1590.719266,1013.38839
Bhavnagar,1233.137206,1063.816511,2299.536833,905.6055525,2049.336704,1937.342443,1937.342443,2159.799443,2133.41529,1291.088396,1558.531585,1232.521377,1477.516356,846.5109434,1385.074514,1620.112057,602.7211503,982.524204,1063.12857,602.7211503,1026.27632,1063.816511,895.2541233,908.3910837,1150.874335,279.2177314,1481.579511,1516.470807,1364.770378,1043.782437,1087.09086,695.9985845,1030.873859,1156.893369,702.534643,1291.088396,889.0591505,1383.988106,1232.521377,563.828187,786.846748,395.5663738,814.633985,712.858208,403.8946911,343.3087245,1311.118156,2159.799443,966.7403539,403.591786,605.4316883,1291.088396,595.7671042,515.9403706,721.0808513,1429.332189,990.6014302,1032.182737,1368.353056,299.4516324,1510.02634,1226.036938,1294.168954,1127.79489,902.2941781,895.2541233,679.7023378,578.0503708,533.7625451,810.9371854,704.017495,507.1542251,349.2728955,1292.064516,1233.137206,1377.688307,1406.732372,1464.215177,909.6903168,1567.08977,1302.523464,1294.168954,709.8273755,1356.937471,821.0693622,1972.379569,1051.682136,1154.362507,1154.785756,844.0984524,904.2666365,934.2524382,1067.961807,1291.088396,1233.137206,1173.897838,979.0903349,1087.09086,1034.001707,1029.292635,975.9854748,1058.42216,1211.871234,1264.123435,1067.961807,1393.36172,1578.499517,1117.091423
Rajkot,1367.086967,1212.862392,2415.953159,1046.391857,2167.051895,2054.29552,2054.29552,2275.929486,2258.014434,1410.754426,1677.659318,1337.446955,1589.002223,903.6596252,1499.251955,1736.361781,722.1785777,1125.372428,1213.242378,722.1785777,1047.322977,1212.862392,908.6266203,936.0722137,1166.046083,430.184635,1609.255756,1640.152534,1494.765728,1098.884725,1234.842413,838.5126549,1132.384954,1272.791676,814.4062489,1410.754426,968.3378802,1489.26901,1337.446955,686.0125616,866.6200003,522.4807422,942.6092972,830.6530942,520.5256715,450.3583926,1447.520663,2275.929486,1107.933114,527.1977712,718.9940679,1410.754426,742.697361,665.5385851,866.1828211,1573.785096,1090.717574,1169.841517,1515.905143,417.3081938,1614.372672,1363.138707,1418.151028,1113.327037,944.2039839,908.6266203,720.3061086,604.6588369,605.8169178,869.9784466,685.3629341,495.7901004,389.9648639,1431.227245,1367.086967,1510.417244,1530.866507,1582.030549,909.8066744,1678.580056,1416.172609,1418.151028,860.7115854,1499.205965,969.3241686,2101.082099,1141.849541,1246.215272,1251.113404,908.8714983,960.836795,982.3379258,1176.569292,1410.754426,1367.086967,1286.617735,1070.608402,1234.842413,1097.337697,1081.649738,1016.065624,1087.038787,1310.093056,1365.101934,1176.569292,1368.755886,1693.147095,1147.652409
Surat,1139.399347,969.9199243,2254.496171,810.6367457,2003.540091,1892.457279,1892.457279,2115.238094,2081.05256,1245.649022,1512.60282,1149.992676,1438.847351,855.6341602,1344.35226,1576.659896,515.9341249,912.4159885,980.0893104,515.9341249,1056.42517,969.9199243,931.4175486,935.8663962,1183.39633,188.4005534,1427.539063,1466.313003,1308.68466,1051.868066,992.5610689,600.8977388,950.6383475,1069.622739,618.8460658,1245.649022,881.3767599,1300.960027,1149.992676,523.3537248,780.3122192,355.1966714,763.8719573,674.1233705,375.2210623,328.6990634,1248.108275,2115.238094,871.7131608,316.7777997,521.6525892,1245.649022,500.9009824,436.1549756,648.8745502,1355.804232,964.8384753,968.6890941,1290.102419,219.3993849,1427.197082,1162.466702,1203.511093,1177.032043,920.8628685,931.4175486,703.0235882,612.6991108,539.4687364,819.3030366,760.1171498,564.319454,386.4184562,1197.24043,1139.399347,1284.201045,1315.915047,1375.70838,953.133303,1481.046816,1215.944206,1203.511093,618.1077121,1286.548984,726.7147718,1916.236552,1033.61808,1134.090965,1130.84631,847.8643381,912.9663799,948.3341979,1034.086772,1245.649022,1139.399347,1135.573498,960.6345648,992.5610689,1036.425669,1039.404723,994.8241577,1083.637562,1185.964806,1235.580214,1034.086772,1446.327676,1491.136155,1140.555972
Panchkula,1991.514346,1641.603962,1745.334849,1657.014841,1540.321197,1436.382787,1436.382787,1618.275852,1696.804609,991.510638,1162.889694,2164.84893,1017.151638,363.2961055,985.5493895,1174.368241,1555.679929,1154.768782,1386.477765,1555.679929,80.31744521,1641.603962,202.74758,201.4405594,54.76560469,1149.508386,1217.855696,1189.413155,1171.005018,297.6224393,1691.061705,1485.086976,1992.89257,2045.97284,1666.057867,991.510638,485.4520786,2303.548421,2164.84893,828.7190458,512.6020243,892.1235071,889.8137818,784.3640291,841.7583513,837.9625775,1232.862388,1618.275852,1699.785512,1387.58345,1578.828757,991.510638,1367.077933,1110.030526,1084.611636,1466.529123,658.075581,1093.084768,1502.786603,1326.675635,2425.366391,1190.990914,2121.446688,214.8252455,257.4230258,202.74758,432.7531974,518.6162143,620.6171204,391.5026367,453.8443814,619.018332,747.5375517,1988.520466,1991.514346,2127.821587,2221.12522,2313.696379,217.582781,2444.062552,2189.002926,2121.446688,1342.258835,1368.628114,1488.575341,1614.787182,583.6851889,633.0810479,675.1785354,405.3324375,334.1320346,272.2750675,761.369501,991.510638,1991.514346,849.2801483,581.1289337,1691.061705,360.1332532,277.2839089,207.320369,104.2996945,719.3349088,773.4685012,761.369501,423.5591828,2437.393005,120.2063765
Shimla,2033.635643,1679.660768,1724.866655,1700.849826,1524.617654,1422.388889,1422.388889,1599.694538,1684.129427,999.6305283,1160.29732,2212.536107,1013.406003,403.3901507,987.0178695,1168.147087,1605.909054,1184.313717,1417.935651,1605.909054,129.1802406,1679.660768,257.5130223,251.9403531,0,1200.904483,1222.599005,1190.766825,1180.996949,313.014305,1729.619173,1531.359123,2042.016165,2092.467595,1716.155281,999.6305283,515.6344097,2350.453219,2212.536107,873.1588495,550.8494108,941.5052645,923.2458482,822.5983918,891.5316659,889.5739639,1248.068104,1599.694538,1742.724714,1439.272799,1629.499324,999.6305283,1413.935363,1155.97131,1123.769453,1483.560218,678.95288,1118.956668,1524.048016,1379.469651,2471.853021,1209.459651,2165.500709,225.0409407,299.8042364,257.5130223,484.9151074,572.9269206,671.2048766,433.6057953,506.4691862,673.5617874,801.857882,2028.403607,2033.635643,2169.020241,2264.357467,2357.95379,269.3500831,2489.031977,2234.979998,2165.500709,1385.469002,1385.965855,1531.178951,1607.785827,598.6072205,639.710018,682.9991481,443.0157105,368.9827771,307.6012655,778.0962501,999.6305283,2033.635643,860.70726,602.4368529,1729.619173,376.0539696,295.8207342,241.8681855,131.4717526,723.6966998,775.4810574,778.0962501,398.4857129,2481.679929,119.985273
Jammu,2247.298234,1912.100168,1977.735321,1906.838874,1788.020041,1689.053484,1689.053484,1857.19678,1952.25724,1282.081766,1440.315152,2391.137542,1292.864602,641.1447155,1269.092008,1445.3257,1765.909889,1443.022268,1671.622721,1765.909889,361.9323826,1912.100168,406.5106002,457.5964454,282.6907115,1353.217703,1505.241841,1472.69272,1463.011752,591.4018675,1959.977822,1723.722657,2209.47822,2280.295327,1876.554832,1282.081766,775.6764673,2534.391799,2391.137542,1083.072914,790.8333316,1118.180465,1173.402192,1059.074811,1065.993667,1045.967179,1527.302546,1857.19678,1953.30118,1584.727823,1784.726954,1282.081766,1603.288296,1353.748329,1354.505249,1761.28754,952.7106489,1385.044788,1797.003761,1510.136062,2658.373208,1485.770683,2368.413783,123.8058063,534.7189013,406.5106002,653.4500443,699.058789,845.1483238,663.7508477,545.3767603,741.3464046,914.1668857,2252.467772,2247.298234,2386.775807,2471.555613,2559.10155,356.2377739,2685.515707,2425.774529,2368.413783,1596.554182,1663.401793,1744.470973,1883.498134,877.7957135,922.2829521,965.4003806,686.7311905,621.2186407,560.1739673,1056.004919,1282.081766,2247.298234,1142.059823,875.7410469,1959.977822,654.2448317,571.8099834,497.6888789,399.0826104,1006.373177,1057.831394,1056.004919,150.2288055,2682.31628,402.2805515
Srinagar,2395.427628,2056.779027,2026.139714,2055.656099,1849.209483,1754.878533,1754.878533,1911.195798,2018.77918,1389.92003,1530.230609,2541.365414,1382.110726,781.3357852,1367.015202,1528.766881,1915.911383,1578.28643,1809.406284,1915.911383,497.6260812,2056.779027,555.2179406,601.4645439,398.4857129,1503.148371,1606.947335,1569.059712,1572.936911,711.3183612,2105.151121,1873.462491,2359.592633,2430.366147,2026.534458,1389.92003,909.0098224,2684.577617,2541.365414,1230.572562,931.4342737,1268.227123,1311.968778,1201.59392,1216.066943,1196.163714,1644.610922,1911.195798,2101.658498,1734.162677,1934.538996,1389.92003,1753.12635,1502.892936,1498.978792,1880.986603,1077.41696,1516.024905,1922.533699,1658.596314,2808.519003,1607.564369,2517.683619,273.9949197,674.4297561,555.2179406,803.0535027,848.9684584,994.9972677,805.9393069,689.4924819,886.238669,1062.529335,2399.040283,2395.427628,2534.414505,2620.479002,2708.554979,506.4654987,2835.287916,2575.765828,2517.683619,1744.605987,1783.581687,1892.365659,1962.226287,996.0045881,1030.418159,1074.677434,825.6409281,756.8601625,695.1216683,1175.906285,1389.92003,2395.427628,1255.051906,1000.839301,2105.151121,774.2968636,694.2776035,630.7046521,525.6305886,1110.764718,1158.445239,1175.906285,0,2831.832303,516.819139
Ranchi,1332.673887,935.1225795,969.7616824,1132.697927,720.7357451,618.7912135,618.7912135,835.8007161,774.7564321,184.3057871,268.0904263,1683.675143,317.0164122,897.5927542,253.289227,345.7700606,1335.373618,447.8618954,587.6864175,1335.373618,1116.841048,935.1225795,1155.248891,1068.703308,1180.996949,1157.742932,123.3839815,187.0777906,0,873.6529375,986.0292171,1109.622426,1607.586097,1534.837926,1405.964747,184.3057871,741.1565931,1769.326014,1683.675143,810.4027334,790.9433199,972.444253,552.2243398,674.7716091,976.8061225,1051.200255,133.9909615,835.8007161,1131.993707,1307.997091,1375.148156,184.3057871,1062.580903,908.179239,688.2021751,345.769179,539.7413617,355.6186025,441.4059009,1343.443939,1859.088414,190.9221882,1506.200495,1381.26269,980.1590297,1155.248891,1039.574755,1132.566015,984.1013717,898.1411591,1311.107419,1285.825313,1191.093506,1261.104509,1332.673887,1418.398187,1563.433833,1678.782526,1234.732753,1818.848833,1634.172731,1506.200495,913.3422172,266.8576353,976.5841027,607.7581912,590.1815973,542.5234585,498.4275386,851.9570984,885.4479394,935.666905,423.8324474,184.3057871,1332.673887,322.2301648,611.4322331,986.0292171,811.874222,895.2861833,985.6155306,1067.857256,464.5411557,425.1829667,423.8324474,1572.936911,1789.014473,1061.038377
Bangalore,1767.88313,1398.017972,1507.869779,1446.490909,1287.80632,1179.326062,1179.326062,1374.931897,1434.005777,695.1080407,879.4210201,1981.355345,737.1717381,197.2718329,696.2204361,898.5018719,1404.902582,881.3954839,1118.047919,1404.902582,246.2812336,1398.017972,325.0118551,238.9291481,313.014305,1023.119618,923.6974297,899.3129555,873.6529375,0,1449.631472,1294.915694,1824.763409,1852.814027,1512.211537,695.1080407,227.551896,2112.41235,1981.355345,638.3994334,298.7813377,747.9593321,632.3861868,552.9822377,705.0366871,727.9609998,936.0078053,1374.931897,1482.940568,1260.051738,1433.407621,695.1080407,1183.622673,923.3675941,851.6222376,1170.808201,366.9328014,810.3880049,1211.432047,1220.028575,2230.197189,896.450239,1909.553256,508.1940044,174.1770239,325.0118551,382.6622295,506.3459777,512.5848171,233.0299411,566.6821882,658.2961424,709.1633478,1752.42898,1767.88313,1898.272701,2003.369584,2102.353063,397.8243969,2237.211676,1990.860096,1909.553256,1130.589971,1073.124592,1271.286985,1338.089049,286.4039681,339.4025812,379.9072895,206.557287,139.5167241,123.7439938,465.2588522,695.1080407,1767.88313,551.7376982,291.0950471,1449.631472,63.05914031,25.9537348,131.3184579,194.2083663,427.7964744,485.0118209,465.2588522,711.3183612,2225.781172,195.028166
Belgaun,597.1326198,637.4248686,2367.756943,377.3492426,2122.956998,2024.218645,2024.218645,2237.944988,2148.338045,1425.560194,1663.126872,531.2094529,1643.111516,1334.844153,1544.26537,1738.856637,110.7395243,959.245655,867.9423119,110.7395243,1587.137393,637.4248686,1483.14493,1464.686691,1716.155281,523.4395047,1527.636684,1591.237902,1405.964747,1512.211537,625.1002842,297.3692057,335.2081113,458.6166482,0,1425.560194,1297.987969,682.1215501,531.2094529,876.0254528,1213.663094,775.2893048,991.9506933,990.8698794,824.6798952,832.2333053,1297.410398,2237.944988,427.7183574,302.9321215,97.22311142,1425.560194,358.0766686,599.595607,760.3194948,1293.220733,1291.837692,1060.000593,1183.764537,403.1463558,808.3513444,1219.126647,612.071846,1752.792364,1424.75413,1483.14493,1235.868977,1177.575761,1045.519458,1299.37416,1357.137412,1167.488232,973.0155145,690.8131374,597.1326198,728.9957776,723.9263173,768.1681056,1521.22094,865.3065307,601.8942311,612.071846,493.0218862,1264.158364,453.3669331,1962.978757,1388.897194,1468.457322,1447.343036,1309.951841,1385.909709,1436.314287,1309.829707,1425.560194,597.1326198,1372.948066,1322.520883,625.1002842,1477.088146,1507.774274,1494.928443,1598.741178,1486.738631,1517.430941,1309.829707,2026.534458,878.7909003,1647.685978
Kerela,755.9597738,1060.515189,2891.352229,828.4190963,2656.551219,2566.502869,2566.502869,2769.711542,2655.093216,2007.248165,2225.539478,353.6380416,2224.828773,1956.103695,2127.766187,2302.950681,730.5018888,1527.429347,1380.803798,730.5018888,2202.202741,1060.515189,2091.866252,2079.446056,2331.382362,1130.699238,2076.049234,2146.686732,1959.671381,2135.302471,1020.980259,879.6181463,352.2046539,478.4897564,623.4417712,2007.248165,1921.378766,408.2001774,353.6380416,1499.459039,1836.906471,1394.370839,1602.738154,1611.901152,1442.327018,1442.347087,1838.317655,2769.711542,837.8007249,893.5163121,703.4694513,2007.248165,969.8978788,1221.232605,1364.263548,1779.174812,1909.004103,1634.17679,1655.762213,966.4437924,473.535471,1768.784001,616.5841612,2352.780738,2043.713846,2091.866252,1847.800978,1779.08681,1660.345129,1920.344816,1941.820343,1746.428096,1562.277603,876.417395,755.9597738,790.6892627,665.6853478,606.4478681,2123.973797,592.0527649,477.5815081,616.5841612,1076.981713,1774.349393,985.4622627,2465.991419,2008.068235,2084.058357,2060.534574,1932.359579,2007.930614,2057.266764,1918.764509,2007.248165,755.9597738,1972.090674,1943.000747,1020.980259,2100.525743,2130.498847,2114.78934,2216.913995,2096.521985,2122.856435,1918.764509,2624.661678,637.521796,2267.30281
Lakshadweep,728.7534692,1045.174871,2878.238974,819.3490088,2644.953243,2556.138169,2556.138169,2757.739058,2640.371652,2003.659113,2218.491579,322.2765658,2220.887032,1969.700267,2124.291082,2296.026369,743.7293673,1522.970201,1370.461825,743.7293673,2218.792262,1045.174871,2110.336445,2096.096959,2347.955599,1148.301903,2067.335734,2138.784193,1951.925157,2147.045908,1004.128017,881.5035609,345.8255685,454.0856996,635.0530447,2003.659113,1931.440036,366.20405,322.2765658,1509.96647,1848.381842,1408.993878,1606.182951,1619.425899,1457.573544,1459.893628,1829.230617,2757.739058,825.4082153,912.5839849,718.5445722,2003.659113,975.6950797,1229.674609,1366.559319,1764.319109,1914.243889,1630.245151,1640.078166,989.0844741,428.1102988,1761.006023,583.9964201,2373.448538,2058.64654,2110.336445,1865.229888,1798.98062,1676.750746,1934.131573,1964.86844,1770.0483,1584.055104,848.1838037,728.7534692,757.0115927,628.2041859,565.173801,2143.89953,547.1031461,442.1510626,583.9964201,1077.156949,1761.958967,980.5040607,2451.166222,2014.16465,2088.49475,2064.11195,1945.004615,2020.940158,2071.083409,1921.179464,2003.659113,728.7534692,1971.973388,1949.888321,1004.128017,2111.151255,2142.782845,2129.270446,2232.259367,2098.972007,2124.056838,1921.179464,2645.862944,593.0266958,2281.943196
Bhopal,1165.20257,836.6925517,1735.723971,828.367038,1485.517548,1373.522963,1373.522963,1596.015734,1572.241286,727.3447313,994.7783179,1346.103863,915.868419,473.2184337,822.1605749,1056.408924,770.446499,489.9444885,659.6636296,770.446499,748.4672522,836.6925517,677.0039034,632.3540386,873.1588495,421.6902502,923.5120574,954.4966734,810.4027334,638.3994334,882.0712154,660.7836654,1186.414314,1221.592476,876.0254528,727.3447313,422.0662919,1480.546732,1346.103863,0,339.8403984,168.983521,259.0026535,150.7789546,166.4038379,241.4415399,773.5822722,1596.015734,872.1139087,643.5008426,800.9964055,727.3447313,546.5302213,286.0629263,291.699006,931.4402517,451.1869833,504.7906536,901.2839966,627.9950298,1600.645031,692.1434361,1292.727723,963.1854364,573.4468348,677.0039034,438.1075944,451.8335537,266.6367761,440.4913864,669.5164021,556.1627367,405.0659362,1170.005814,1165.20257,1303.844915,1392.815245,1485.005394,737.2030314,1615.885198,1362.824538,1292.727723,514.5536243,845.9563668,661.9485928,1415.445668,533.4350297,626.9168673,617.508575,441.5080565,518.8656348,574.3693934,511.4544536,727.3447313,1165.20257,612.3796213,462.0908204,882.0712154,601.1923929,635.9032708,637.3440214,746.6075528,669.3803064,715.8806821,511.4544536,1230.572562,1608.712844,788.6003746
Gwalior,1484.976421,1129.164531,1595.266206,1156.614881,1355.188667,1241.89897,1241.89897,1456.289023,1474.870983,643.6223959,887.8856,1684.704963,770.0543171,150.1006314,696.0834448,930.6228287,1106.679878,657.710988,881.7069076,1106.679878,434.7944486,1129.164531,404.8542085,334.9222865,550.8494108,731.5989141,875.7127974,877.749188,790.9433199,298.7813377,1178.887931,998.5112149,1526.243406,1558.031474,1213.663094,643.6223959,102.299161,1817.439646,1684.704963,339.8403984,0,455.3723519,383.545597,271.8784061,416.4481597,451.617742,811.297246,1456.289023,1195.978219,966.1267987,1135.668081,643.6223959,885.8662921,625.4002937,572.9303092,1024.852659,264.2198689,613.1980079,1036.862075,932.6579436,1936.353112,749.920314,1621.067089,680.0135054,257.0130822,404.8542085,249.1093455,353.0860295,261.2555703,128.7532421,520.2327626,515.3305455,486.1868354,1477.643915,1484.976421,1619.093941,1717.67823,1813.876077,480.1277213,1947.106301,1697.589776,1621.067089,840.2892733,927.9421065,984.0295048,1346.322804,281.809659,386.4101234,399.8671384,107.857994,183.9210404,243.7521277,377.485076,643.6223959,1484.976421,494.3624255,216.4806592,1178.887931,265.7857629,296.1544162,309.2499104,420.1973731,461.2038256,521.2603945,377.485076,931.4342737,1937.550686,455.5034721
Indore,1144.739465,860.9682872,1904.340409,799.3135399,1653.96425,1542.12824,1542.12824,1764.696677,1738.466834,895.6359496,1163.07064,1275.399448,1084.768732,562.5853532,991.1431747,1225.199698,665.5030785,617.8587274,749.4904672,665.5030785,812.7253767,860.9682872,715.801185,690.7054767,941.5052645,276.2266747,1087.732189,1121.168223,972.444253,747.9593321,899.8330653,607.1081274,1100.779452,1162.14314,775.2893048,895.6359496,550.8065495,1416.968196,1275.399448,168.983521,455.3723519,0,420.5639197,319.4097557,52.35327605,107.9479607,926.8098845,1764.696677,850.8773429,512.0927002,690.9180881,895.6359496,486.066036,252.4154944,376.1767284,1066.993171,612.0378672,651.1653042,1023.111883,478.6587571,1540.508052,843.1990885,1254.467433,994.8958042,649.6619232,715.801185,466.5839605,433.1694912,274.0804171,526.5210289,642.2874897,489.0414911,302.6869727,1167.236752,1144.739465,1288.291796,1360.268909,1443.540196,762.5399721,1568.046144,1307.624189,1254.467433,506.5429569,986.8683839,652.1411607,1579.265035,686.4788618,784.3324132,778.5255851,542.0414049,615.8434958,663.2729902,678.8909271,895.6359496,1144.739465,781.211296,613.7459365,899.8330653,720.7338909,740.6193422,720.4279219,823.4776041,832.4709419,881.0381743,678.8909271,1268.227123,1566.249309,873.0077471
Jabalpur,1144.935494,766.3849923,1491.350386,840.6740943,1240.179472,1129.66083,1129.66083,1352.44333,1318.873277,483.8521486,749.6242072,1397.361019,686.8816463,532.3737226,589.199493,815.6907138,898.5650332,277.7109916,498.3064745,898.5650332,814.3428115,766.3849923,786.4861842,718.4579696,923.2458482,629.7835913,667.2208104,702.6764107,552.2243398,632.3861868,818.5111778,725.1476634,1266.126957,1259.199108,991.9506933,483.8521486,409.1557691,1517.02028,1397.361019,259.0026535,383.545597,420.5639197,0,142.7610932,425.1690912,500.4255824,516.4191323,1352.44333,869.2456608,817.4691619,934.870874,483.8521486,634.9855811,408.5469489,241.8810714,689.3183915,314.5814957,258.2606228,676.9175931,829.2411225,1628.951424,436.8861833,1295.072199,1063.543094,638.6935174,786.4861842,589.3534755,646.9198138,471.7202332,512.1204893,854.5882107,779.7411221,653.8836258,1122.429929,1144.935494,1270.8875,1383.217818,1486.720635,859.5196548,1624.501505,1389.273956,1295.072199,535.5836835,598.9545853,662.0756824,1158.7039,419.4675178,483.4342756,457.9294811,486.7510801,555.6871543,617.5459781,317.9255735,483.8521486,1144.935494,391.975984,366.3934026,818.5111778,577.4518679,640.40084,682.8129695,791.8502617,494.8820666,526.6001091,317.9255735,1311.968778,1609.080934,817.1061526
Sagar,1216.421215,857.292302,1587.129285,893.6733813,1337.386796,1225.036592,1225.036592,1447.278184,1428.125071,580.1397896,847.2504991,1434.535087,765.4133546,421.2497016,672.2609284,907.4840395,889.5383673,415.1448592,622.4559567,889.5383673,706.1580789,857.292302,662.7184533,601.4995916,822.5983918,566.5516861,783.72973,810.3424509,674.7716091,552.9822377,907.0377842,749.6256758,1287.314568,1302.822237,990.8698794,580.1397896,325.8151028,1562.391578,1434.535087,150.7789546,271.8784061,319.4097557,142.7610932,0,310.6452062,381.0072059,652.0139836,1447.278184,930.0585926,779.2499448,922.7173978,580.1397896,644.7104206,391.2832924,301.6034189,831.6974382,308.5197466,400.8283443,819.0071845,772.345944,1678.89691,575.1292003,1356.579458,945.0764858,527.9278874,662.7184533,452.4022731,504.5987818,329.1269135,395.6774631,713.9514486,637.3641921,518.4268493,1206.338558,1216.421215,1348.989264,1450.908992,1549.388356,732.6184892,1684.284483,1439.246533,1356.579458,578.1739277,740.5865955,718.326287,1275.182597,399.4090655,486.360779,473.0411313,379.6121405,454.3959494,515.1578061,361.0858165,580.1397896,1216.421215,461.8141008,331.7187962,907.0377842,505.9184855,555.9993208,580.8194622,691.6917364,522.5359141,567.0374868,361.0858165,1201.59392,1672.842669,724.5187027
Ujjain,1196.484159,908.4632318,1897.608031,851.2178428,1647.999334,1535.577297,1535.577297,1757.708403,1737.505414,890.6890797,1157.880071,1327.0448,1073.822811,516.8483543,981.9588486,1217.899958,714.5770259,640.6391551,784.4967692,714.5770259,762.5888244,908.4632318,664.0219366,640.3192956,891.5316659,318.2902015,1089.705381,1119.634611,976.8061225,705.0366871,948.1959013,659.4584463,1151.426098,1214.303295,824.6798952,890.6890797,514.391173,1468.915874,1327.0448,166.4038379,416.4481597,52.35327605,425.1690912,310.6452062,0,76.97718883,938.1029124,1757.708403,902.4623235,556.4104838,739.1245199,890.6890797,538.4191198,302.452529,409.3555232,1087.783632,590.1090335,666.0061471,1049.290034,516.4400423,1592.561294,855.7727049,1306.778229,942.6667962,601.4046924,664.0219366,414.8587684,381.2671399,222.4918808,480.5188996,591.5471768,442.7386203,262.8864913,1217.898723,1196.484159,1339.855761,1412.494789,1495.889409,710.273186,1620.374165,1359.861186,1306.778229,556.41897,1005.080545,702.658675,1581.653296,658.8874526,758.9168851,755.8285631,498.5753384,571.0905997,616.8213397,664.1402369,890.6890797,1196.484159,770.2961151,585.9062692,948.1959013,680.3700823,696.6931437,672.8223554,774.7049427,811.4409079,862.1310787,664.1402369,1216.066943,1618.602482,825.1112144
Rewa,1200.549448,804.866816,1070.496423,1010.062255,825.9438868,730.0907593,730.0907593,940.7896838,858.8685224,285.3954698,398.4231164,1556.163402,449.1626979,932.8591995,377.7631504,475.608041,1232.318295,351.4570916,460.2841579,1232.318295,1172.875587,804.866816,1196.0628,1112.424163,1248.068104,1086.850017,238.4643513,313.1801973,133.9909615,936.0078053,855.128212,1000.086517,1486.122811,1407.160321,1297.410398,285.3954698,777.211587,1639.026954,1556.163402,773.5822722,811.297246,926.8098845,516.4191323,652.0139836,938.1029124,1014.431929,0,940.7896838,1006.431194,1219.59869,1272.370355,285.3954698,962.2320789,831.1215812,608.6951789,239.2502661,580.7791203,279.4216508,316.1656737,1263.492262,1727.343758,85.94438689,1374.496357,1438.120557,1023.779005,1196.0628,1055.05988,1137.04707,975.6515074,928.1922501,1328.184821,1282.857256,1169.512304,1127.614654,1200.549448,1284.791447,1430.373733,1545.87331,1275.19179,1685.782901,1503.860783,1374.496357,807.6645145,146.7342301,859.4817415,680.4136514,649.6443235,620.7021643,575.6142239,885.5414822,928.7828178,983.4261179,471.7500893,285.3954698,1200.549448,392.4382638,656.7854938,855.128212,873.0821031,955.58609,1038.373678,1128.665603,552.74034,523.5030884,471.7500893,1644.610922,1655.598976,1128.467003
Pune,841.8727206,742.9324989,2277.121213,535.5595476,2026.898568,1921.137801,1921.137801,2141.563403,2077.545794,1289.349081,1545.725817,834.0357419,1500.546244,1073.257079,1401.702889,1617.358716,199.3335817,868.1424614,855.427095,199.3335817,1310.159565,742.9324989,1198.350387,1187.408672,1439.272799,239.0896162,1431.29264,1484.458051,1307.997091,1260.051738,752.6511254,342.1266843,636.9332311,753.4614593,302.9321215,1289.349081,1058.643444,984.6644293,834.0357419,643.5008426,966.1267987,512.0927002,817.4691619,779.2499448,556.4104838,549.6988566,1219.59869,2141.563403,597.1794446,0,206.1296025,1289.349081,288.6871305,410.3172238,621.1448089,1271.766925,1087.7666,952.4065977,1181.923721,110.6605099,1110.944575,1135.09576,892.1366646,1461.282104,1155.687641,1198.350387,954.8990391,886.4577485,769.4286545,1036.908111,1058.236542,866.6725811,674.7318197,912.4670778,841.8727206,984.1995443,1004.833147,1060.635176,1231.354085,1164.395825,899.4436055,892.1366646,448.2758534,1221.19851,503.1858989,1899.90164,1175.694335,1265.570084,1251.494086,1054.057097,1127.347525,1173.0274,1127.827472,1289.349081,841.8727206,1209.444186,1105.088577,752.6511254,1231.888485,1252.555238,1227.971733,1327.369813,1298.407823,1337.884946,1127.827472,1734.162677,1175.075902,1379.586699
Imphal,2041.088115,1691.331236,218.3076524,1933.528995,266.5838301,365.6562781,365.6562781,233.0803915,115.7106432,965.9758905,704.0995471,2436.453835,821.8790803,1650.202375,893.9932348,659.2968716,2195.865185,1320.457618,1388.648735,2195.865185,1777.75651,1691.331236,1866.862793,1778.738529,1787.829004,2046.075661,768.2283164,733.451265,888.4306004,1543.130858,1732.020299,1957.385875,2404.352179,2290.089024,2253.735387,965.9758905,1509.526174,2489.038497,2436.453835,1687.687863,1589.433392,1853.751568,1433.967856,1543.749532,1853.032919,1924.735982,969.0706282,233.0803915,1916.064082,2188.544346,2236.017501,965.9758905,1928.872053,1794.906782,1573.412917,973.3575074,1326.556076,1239.80825,1096.096737,2229.579935,2553.27792,1053.464978,2214.000149,2012.500323,1699.649231,1866.862793,1830.11152,1942.233387,1823.74789,1664.374618,2082.530238,2104.739996,2044.438575,1939.904695,2041.088115,2082.538278,2239.239926,2353.70063,1940.943183,2483.575493,2357.930056,2214.000149,1771.22543,990.1199744,1804.384411,290.8324544,1322.07762,1227.916994,1200.791816,1613.77586,1616.55021,1647.069652,1219.878463,965.9758905,2041.088115,1102.921741,1376.179812,1732.020299,1495.681775,1568.998262,1674.094657,1715.702245,1140.83668,1078.912556,1219.878463,2115.66687,2442.808081,1681.950514
Shillong,1941.106024,1571.57792,265.1249892,1801.212887,68.27755189,143.1493915,143.1493915,148.3492577,122.9352525,762.4839729,495.9860202,2325.223144,604.2376392,1430.379335,681.4484863,443.816711,2037.999131,1152.66581,1249.342036,2037.999131,1554.845432,1571.57792,1644.524322,1556.531285,1565.51118,1861.314147,585.0875602,537.8721533,708.3186412,1320.546598,1616.115269,1805.5359,2276.584168,2176.983339,2102.905062,762.4839729,1291.769223,2389.506252,2325.223144,1489.201017,1373.972983,1656.894623,1239.974934,1342.614186,1653.103335,1723.158989,805.9107596,148.3492577,1789.698286,2016.308258,2078.011955,762.4839729,1766.977694,1615.237719,1396.272827,855.9157117,1112.556777,1063.905218,983.366241,2050.483148,2462.603788,886.5532423,2116.063009,1790.060893,1477.964064,1644.524322,1612.379052,1726.077795,1612.833638,1445.417148,1862.355368,1889.156007,1835.524344,1847.651461,1941.106024,1996.616216,2151.593845,2267.46931,1718.370991,2401.683894,2256.061796,2116.063009,1613.530033,853.0675804,1660.53791,203.0595422,1103.430679,1007.755262,981.9178125,1394.782616,1395.687798,1425.264757,1008.790824,762.4839729,1941.106024,893.0163872,1159.394256,1616.115269,1273.561515,1346.431223,1451.589006,1492.791577,921.4863388,859.5755384,1008.790824,1897.071259,2363.927332,1459.198897
Aizawal,1320.815042,1112.325397,2216.521309,982.9868118,1968.12859,1855.177755,1855.177755,2076.463699,2062.043881,1213.224048,1479.584806,1352.675325,1388.701326,713.5179492,1299.671749,1537.2115,716.5205756,952.6608808,1064.700867,716.5205756,882.088563,1112.325397,749.8087371,765.2893237,1005.938627,337.9144883,1415.910844,1444.265168,1303.422659,910.341768,1141.502709,772.5599301,1154.610812,1268.031082,821.5455211,1213.224048,769.5729409,1503.200027,1352.675325,493.0239111,667.5098543,336.8917167,751.7123134,633.9262716,326.6273974,253.0178694,1262.827636,2076.463699,1042.458954,518.6419565,724.5608266,1213.224048,661.293432,522.9282692,701.5959914,1402.273434,889.3532759,987.9879754,1353.428734,424.3743302,1629.491484,1179.6355,1395.675685,982.158139,763.1754373,749.8087371,539.3278323,433.6463627,407.9482675,678.7651573,559.8402506,363.0330204,206.0167189,1369.543375,1320.815042,1466.495451,1507.461974,1571.831939,763.5492474,1680.434189,1414.991713,1395.675685,749.765469,1323.356509,876.4563048,1907.831061,941.077447,1045.293387,1049.810146,715.110847,771.1700807,797.5133435,976.0138614,1213.224048,1320.815042,1086.853905,869.6181674,1141.502709,904.6941535,894.5798442,836.4447783,915.8320477,1108.727408,1163.727241,976.0138614,1248.632536,1688.855052,975.0745305
Kohima,2114.265061,1757.362451,120.7518824,1995.071625,241.3447245,352.8240867,352.8240867,168.7686358,162.2264368,984.661106,718.2577434,2506.317564,823.6238041,1645.948199,903.0243096,664.9084017,2246.081137,1364.438925,1446.445304,2246.081137,1758.630708,1757.362451,1853.698441,1766.38962,1761.68338,2080.280656,801.7309104,758.4008302,924.2458141,1528.840733,1799.494642,2010.372188,2468.140682,2359.18584,2307.459224,984.661106,1509.854795,2562.76633,2506.317564,1711.103749,1593.667181,1878.612037,1461.019938,1564.758802,1875.192054,1945.374047,1014.593119,168.7686358,1979.930677,2230.862777,2286.19064,984.661106,1976.787665,1832.37973,1612.295435,1038.210241,1333.192825,1279.003321,1163.12835,2267.669132,2629.721515,1097.311196,2287.989808,1986.719537,1689.714199,1853.698441,1830.215957,1945.108813,1834.271509,1662.110452,2076.998397,2108.48797,2057.352797,2015.310755,2114.265061,2159.927866,2316.298275,2431.258993,1926.18695,2562.433432,2430.818157,2287.989808,1821.148349,1047.612705,1860.892225,351.4764674,1320.873167,1223.425015,1199.307987,1611.483553,1609.516563,1636.725254,1230.443959,984.661106,2114.265061,1114.96501,1378.407186,1799.494642,1484.176678,1554.790036,1660.149132,1695.745052,1138.440447,1076.67904,1230.443959,2078.111954,2522.440921,1659.110186
Bhubaneswar,1085.973936,719.1532026,1116.578161,960.850384,892.9970598,817.6605809,817.6605809,1002.157856,876.0559354,520.1708138,565.038344,1470.1228,654.0530479,1154.74539,598.8304129,634.6121984,1246.251798,449.6395991,426.3986724,1246.251798,1404.303473,719.1532026,1419.33421,1337.900172,1483.560218,1179.691077,397.4640393,476.7263506,345.769179,1170.808201,761.7778427,1001.441161,1431.042197,1322.297014,1293.220733,520.1708138,1001.304406,1533.991302,1470.1228,931.4402517,1024.852659,1066.993171,689.3183915,831.6974382,1087.783632,1164.668121,239.2502661,1002.157856,942.7284927,1271.766925,1286.11689,520.1708138,992.4161029,921.4989256,708.2525451,0,810.1922204,431.1073491,127.9630835,1333.449559,1609.684987,277.3052521,1261.191039,1669.105935,1249.769571,1419.33421,1261.329652,1332.485452,1160.81562,1146.810069,1533.046566,1469.023501,1336.162746,996.0668078,1085.973936,1148.328395,1301.268654,1417.518523,1497.803273,1554.05739,1400.303929,1261.191039,829.9388071,98.11890876,840.0911802,686.8720899,885.0419659,859.7296209,814.6371084,1106.89223,1155.324569,1211.860907,705.5518681,520.1708138,1085.973936,631.4236707,886.9990146,761.7778427,1107.760804,1189.590706,1268.896171,1362.230337,791.7866168,760.8791487,705.5518681,1880.986603,1518.81083,1364.32624
Puducherry,131.6807644,490.1565503,2229.856384,474.4118391,2017.26974,1944.691934,1944.691934,2123.667683,1979.065732,1503.428523,1659.439458,447.6271428,1703.942236,1745.81533,1618.762997,1735.495862,787.6740477,1051.7184,829.4026349,787.6740477,2028.486479,490.1565503,1961.454018,1915.631476,2149.158715,1115.010663,1493.010885,1571.87724,1396.452198,1877.722163,436.2181462,681.4328227,551.4398621,349.240414,721.5215544,1503.428523,1650.596807,442.2656692,447.6271428,1284.730712,1599.077053,1270.782903,1249.959214,1328.785869,1322.251147,1364.684262,1262.860959,2123.667683,420.0640784,972.7907238,802.4237598,1503.428523,798.784158,1021.430681,1027.365092,1127.037742,1555.611557,1154.910716,999.4775464,1083.445958,491.0645079,1217.50941,184.5898925,2247.386423,1850.754401,1961.454018,1718.316419,1703.274723,1531.725668,1716.631244,1912.515286,1746.712886,1547.644627,135.7917057,131.6807644,22.03044612,176.6497528,291.7814733,2019.12531,427.0255416,328.6897572,184.5898925,771.9764509,1155.819071,623.7786609,1792.257551,1661.347773,1703.898667,1667.701188,1706.845973,1782.687651,1842.811428,1517.156623,1503.428523,131.6807644,1525.160118,1614.971382,436.2181462,1825.5565,1882.929833,1908.182135,2019.118771,1682.750301,1687.187932,1517.156623,2515.260681,393.3342811,2053.301821
Chandigarh,1997.253442,1647.930222,1752.363258,1662.475101,1547.66095,1443.816628,1443.816628,1625.434455,1704.315685,999.4950471,1170.762831,2169.490064,1024.989865,369.57573,993.4968248,1182.135906,1559.631214,1161.960008,1393.501608,1559.631214,85.69950349,1647.930222,203.7109494,205.698386,54.56094985,1153.071016,1225.837628,1197.362637,1178.976234,305.570872,1697.322528,1490.07593,1997.16215,2050.892628,1670.046964,999.4950471,492.6937315,2308.370428,2169.490064,834.13529,519.0438765,896.3830068,896.6975761,790.7386708,845.9073476,841.4698536,1240.745399,1625.434455,1705.400008,1391.016461,1582.632335,999.4950471,1371.943864,1115.115198,1090.829878,1474.356982,665.8080457,1100.529859,1510.455647,1329.607596,2430.279211,1198.779181,2126.852153,206.9476254,263.4724184,203.7109494,436.1208463,520.5277332,624.542944,397.4646322,452.3402971,619.1069526,749.4047759,1994.59389,1997.253442,2133.700425,2226.673829,2319.05994,215.5693297,2449.288318,2194.030316,2126.852153,1347.84487,1376.448605,1494.255344,1622.53957,591.6025793,641.0659974,683.1649739,411.8935269,341.0487389,279.2033086,769.23137,999.4950471,1997.253442,857.2411762,588.8545018,1697.322528,368.0594276,285.1771625,214.417004,112.1319545,727.3087613,781.4178031,769.23137,416.3307401,2442.748529,127.7818588
Jaipur,1596.168584,1274.696627,1825.622162,1254.221089,1590.148782,1477.498644,1477.498644,1687.88221,1716.262215,892.086514,1131.884704,1741.902061,1008.430831,197.5564159,939.5743243,1170.852557,1125.252992,866.353757,1072.677732,1125.252992,356.1576776,1274.696627,249.2250001,233.9461998,484.9151074,717.1170525,1124.688421,1125.247088,1039.574755,382.6622295,1320.170401,1070.425354,1565.158823,1628.15803,1235.868977,892.086514,320.6373708,1883.486035,1741.902061,438.1075944,249.1093455,466.5839605,589.3534755,452.4022731,414.8587684,405.4547306,1055.05988,1687.88221,1301.751805,954.8990391,1147.415327,892.086514,950.2022276,700.7031935,723.5131698,1261.329652,511.0709171,838.7356989,1263.032836,894.8467677,2006.841763,989.8148177,1715.067065,531.0388665,224.2881437,249.2250001,0,125.1644022,192.5241276,172.12289,273.1293143,285.7594572,333.8574115,1606.300532,1596.168584,1736.936193,1818.626601,1905.656053,300.8384774,2032.256388,1773.15193,1715.067065,946.3403145,1165.741008,1094.5396,1592.396815,509.3620534,608.8300238,630.9143682,221.5630903,250.0994148,262.7211253,625.8436239,892.086514,1596.168584,742.0462606,454.3715784,1320.170401,391.8645723,363.5056518,297.1812225,380.6240015,691.8974617,753.5680709,625.8436239,803.0535027,2028.866849,438.0643417
Udaipur,1418.560643,1159.073079,2067.747703,1073.232882,1822.813469,1709.295113,1709.295113,1927.909196,1928.823596,1079.476562,1340.897945,1498.699052,1237.867176,513.6947665,1154.392777,1392.733709,863.5638235,894.3491211,1047.193358,863.5638235,677.0034923,1159.073079,547.1087307,559.4674782,801.857882,453.8048674,1295.933431,1315.029062,1191.093506,709.1633478,1195.716915,869.1111609,1308.158655,1400.997742,973.0155145,1079.476562,585.9543821,1646.523606,1498.699052,405.0659362,486.1868354,302.6869727,653.8836258,518.4268493,262.8864913,195.2097393,1169.512304,1927.909196,1128.80748,674.7318197,878.4526867,1079.476562,749.4916054,548.0098765,671.9097875,1336.162746,728.9919465,907.662888,1305.288198,596.0671024,1772.367113,1090.766163,1512.714672,791.679587,558.0424878,547.1087307,333.8574115,228.9312228,226.8691071,480.1081275,384.1265015,199.9849793,0,1451.844285,1418.560643,1563.903975,1622.124382,1696.389137,566.7154154,1813.13078,1548.440916,1512.714672,799.2490493,1249.545984,940.4772762,1784.520761,766.7856163,871.657487,881.531334,519.8609312,570.8966993,593.8893003,827.0011966,1079.476562,1418.560643,942.5446325,698.0521939,1195.716915,707.6308933,692.3364718,631.0315693,709.8815606,942.123209,1000.090126,827.0011966,1062.529335,1816.767298,769.0609332
Gangtok,1882.064555,1486.096433,557.2593827,1680.439534,337.9377209,237.9828066,237.9828066,422.0421106,501.8791098,510.9891559,283.3652101,2234.425534,299.9002124,1079.691837,397.858801,206.1303261,1854.273771,979.005587,1138.79724,1854.273771,1181.531511,1486.096433,1278.205705,1191.490041,1186.831921,1615.862221,448.1428921,369.4960494,551.1872585,953.1938589,1536.696689,1641.436158,2153.223713,2085.689451,1933.676482,510.9891559,952.3572011,2320.348967,2234.425534,1213.798925,1043.087601,1382.450723,986.734921,1063.083839,1369.708475,1433.586852,681.6990602,422.0421106,1681.95432,1799.214364,1893.115731,510.9891559,1580.609414,1389.048076,1184.454696,833.5758415,793.4205622,874.699486,954.4335623,1815.92616,2408.988063,740.4930108,2056.165628,1411.702315,1116.796016,1278.205705,1269.490649,1388.468075,1295.25241,1098.701877,1507.397668,1552.421788,1521.791269,1806.556902,1882.064555,1962.960115,2110.516455,2226.314954,1349.902957,2365.794729,2185.185088,2056.165628,1442.045204,787.5211648,1519.29716,471.2584136,763.0375878,660.9742463,643.2476443,1048.407403,1039.870871,1063.601086,705.8367571,510.9891559,1882.064555,601.6400957,826.7858347,1536.696689,910.5397763,979.1445667,1084.486294,1118.660997,581.8844294,522.281719,705.8367571,1516.909261,2334.418363,1082.575159
Chennai,122.036392,358.2079828,2103.415288,387.1076417,1887.870922,1813.539502,1813.539502,1995.193456,1854.101298,1367.69358,1524.563317,526.8242031,1568.201933,1625.498781,1482.972847,1600.778104,740.2244442,917.9376452,693.9783376,740.2244442,1909.262907,358.2079828,1846.883535,1798.187761,2028.403607,1031.703087,1358.488239,1437.173372,1261.104509,1752.42898,304.8012027,597.7613041,586.2675709,401.3709877,690.8131374,1367.69358,1525.857333,551.4157841,526.8242031,1170.005814,1477.643915,1167.236752,1122.429929,1206.338558,1217.898723,1264.704203,1127.614654,1995.193456,327.0876707,912.4670778,760.9665581,1367.69358,709.1604486,915.5478413,904.7866204,996.0668078,1425.506864,1020.421468,868.2256441,1022.424249,615.0828593,1081.767358,277.3388714,2133.123145,1731.123973,1846.883535,1606.300532,1597.4215,1422.354669,1597.19065,1809.425671,1649.392133,1451.844285,0,122.036392,157.8209318,305.4036186,421.6935602,1906.651663,559.7342526,425.2411857,277.3388714,662.5006905,1022.197885,515.2718723,1666.490728,1531.066658,1571.547735,1534.864532,1585.5017,1660.72587,1721.319613,1384.495272,1367.69358,122.036392,1390.578023,1486.179077,304.8012027,1699.258651,1758.389542,1786.888304,1897.826691,1548.950006,1552.592316,1384.495272,2399.040283,528.0253324,1930.430563
Hyderabad,503.2922095,244.7115376,1925.658992,178.6378495,1684.323149,1589.564247,1589.564247,1798.780333,1700.678384,1023.455946,1240.998743,740.6542,1240.452621,1128.097184,1144.133005,1318.224246,417.2154233,542.4748583,416.0261412,417.2154233,1408.571538,244.7115376,1338.037626,1293.985746,1531.178951,545.1226925,1095.100247,1163.620949,976.5841027,1271.286985,266.2769584,171.8864941,634.7125242,598.8845363,453.3669331,1023.455946,1043.934653,855.4067264,740.6542,661.9485928,984.0295048,652.1411607,662.0756824,718.326287,702.658675,750.8864192,859.4817415,1798.780333,211.9684996,503.1858989,455.6090568,1023.455946,228.0137415,400.2765611,423.5042382,840.0911802,976.5186264,649.9480077,730.679705,598.4920649,966.9248332,786.2092231,638.2735555,1623.808201,1231.710182,1338.037626,1094.5396,1082.270172,908.4648853,1097.648743,1294.203478,1136.439709,940.4772762,515.2718723,503.2922095,642.4901448,733.6631247,831.0661507,1395.346703,966.4414633,727.2022699,638.2735555,148.2092033,814.295183,0,1514.013729,1081.541157,1140.92464,1110.838576,1091.122899,1167.912353,1226.872358,962.2817532,1023.455946,503.2922095,999.8425235,1026.41243,266.2769584,1223.00725,1274.13489,1291.670199,1402.308648,1138.268903,1156.659133,962.2817532,1892.365659,954.5210247,1439.532744
Tripura,1775.041229,1422.920314,436.7586428,1665.371601,290.5953143,307.9501857,307.9501857,359.5686415,180.7781173,752.4092733,511.6545891,2168.901806,650.6853151,1470.712789,702.7469529,490.7187781,1932.551623,1064.194966,1121.871768,1932.551623,1630.720135,1422.920314,1704.725969,1615.708931,1658.167384,1798.242538,533.4947795,516.1454311,646.8601956,1387.856686,1463.782675,1692.537241,2135.915669,2022.281191,1988.283302,752.4092733,1322.136887,2223.377843,2168.901806,1456.278499,1393.041306,1619.229102,1198.809549,1317.2243,1622.612966,1696.319864,713.4102462,359.5686415,1647.637737,1931.652089,1972.699801,752.4092733,1667.512415,1543.959827,1321.633926,704.9608242,1128.987141,989.4185988,827.7075323,1976.896763,2289.693799,798.9744552,1948.487563,1879.280987,1532.08065,1704.725969,1639.582754,1745.227077,1613.158845,1480.468955,1901.61566,1904.913009,1828.182629,1675.40998,1775.041229,1819.8408,1976.217927,2091.172437,1781.718736,2222.447898,2091.74766,1948.487563,1508.574349,724.1252163,1537.846465,50.47295545,1141.022068,1056.1717,1022.958503,1430.54011,1443.564554,1481.106941,1016.35744,752.4092733,1775.041229,898.909609,1186.841935,1463.782675,1334.656551,1413.119519,1516.073313,1571.505518,966.586057,906.1066572,1016.35744,2012.654133,2182.611641,1545.381106
Lucknow,1560.474164,1172.93538,1317.501052,1260.130178,1080.806541,968.1382604,968.1382604,1179.248202,1208.836224,416.1895481,629.6976153,1815.306558,500.2584171,329.9516982,438.362052,663.4694676,1288.593137,627.5119245,866.2134477,1288.593137,526.8502062,1172.93538,571.6773587,483.3905416,598.6072205,954.378504,649.4181327,634.8436791,590.1815973,286.4039681,1226.276708,1137.224487,1678.089416,1678.19861,1388.897194,416.1895481,189.6056394,1936.31704,1815.306558,533.4350297,281.809659,686.4788618,419.4675178,399.4090655,658.8874526,709.2183757,649.6443235,1179.248202,1288.279604,1175.694335,1322.034978,416.1895481,1038.500136,789.834943,659.9248166,885.0419659,105.8865701,543.6854796,929.830204,1160.488135,2048.413979,612.0429585,1713.395433,791.699631,396.2431922,571.6773587,509.3620534,625.9965545,540.3664689,342.3269786,762.0886597,789.9120119,766.7856163,1531.066658,1560.474164,1682.630164,1799.621661,1904.531035,650.6653778,2042.861895,1808.741128,1713.395433,952.9371108,787.5783104,1081.541157,1092.611747,0,104.8778025,121.5708914,291.7650569,304.2296577,348.5139629,180.2184319,416.1895481,1560.474164,268.1211254,72.98787134,1226.276708,223.5834998,306.5358574,395.6496278,479.711072,182.5890898,244.2061445,180.2184319,996.0045881,2026.435606,479.2845226
Faizabad,1573.532585,1177.547112,1196.61741,1288.94556,959.2977332,846.5858069,846.5858069,1058.14639,1087.74407,316.6870181,511.3039375,1850.449744,379.1696596,450.0398771,321.7145571,542.606065,1350.986511,618.1797565,852.6360869,1350.986511,625.911543,1177.547112,683.9683102,595.036888,682.9991481,1038.515241,543.808281,522.1473191,498.4275386,379.9072895,1231.520545,1182.963734,1723.696987,1709.722917,1447.343036,316.6870181,310.8356983,1965.453365,1850.449744,617.508575,399.8671384,778.5255851,457.9294811,473.0411313,755.8285631,811.477305,575.6142239,1058.14639,1311.87055,1251.494086,1386.064257,316.6870181,1091.800287,853.6205922,698.5155071,814.6371084,166.5682142,521.8275756,873.3262233,1244.679475,2073.855182,551.6482102,1732.398553,887.7308486,509.8378349,683.9683102,630.9143682,747.0583222,654.6645649,463.6097539,882.5232798,910.8992674,881.531334,1534.864532,1573.532585,1689.343383,1813.400483,1921.382702,762.1133417,2061.099144,1835.292988,1732.398553,991.4193901,719.3531415,1110.838576,974.1821214,121.5708914,45.09251715,0,412.9966306,420.6120738,459.8235177,150.7477873,316.6870181,1573.532585,183.2137066,183.8718651,1231.520545,320.5015774,403.1634548,500.5665004,573.3180206,61.43057722,122.6753814,150.7477873,1074.677434,2041.737536,563.149103
Agra,1592.47051,1236.82943,1604.932,1263.067516,1370.940209,1258.659879,1258.659879,1467.540004,1500.598704,691.8950419,920.0918976,1787.610998,792.0115354,48.00884679,728.0325838,955.2268827,1201.876039,757.4165528,984.897466,1201.876039,328.2412754,1236.82943,312.6855303,235.1273107,443.0157105,816.7608608,926.6138013,919.9605259,851.9570984,206.557287,1286.649912,1102.034188,1626.231904,1662.375992,1309.951841,691.8950419,110.9987246,1921.579241,1787.610998,441.5080565,107.857994,542.0414049,486.7510801,379.6121405,498.5753384,522.2606664,885.5414822,1467.540004,1303.024273,1054.057097,1229.594216,691.8950419,987.9693506,727.5571647,680.7832981,1106.89223,312.4268771,706.0108804,1126.632618,1013.503755,2041.084307,829.9763679,1727.677843,578.6923918,152.0460272,312.6855303,221.5630903,343.8039384,310.4449045,50.63804697,471.1254457,506.7508562,519.8609312,1585.5017,1592.47051,1726.836545,1824.782178,1920.441437,390.9137088,2053.233387,1802.661004,1727.677843,946.8425502,1009.147376,1091.122899,1382.542847,291.7650569,388.4661044,412.9966306,0,77.43919537,135.9755859,428.9176269,691.8950419,1592.47051,540.3648855,245.1542297,1286.649912,189.9350464,198.6420415,201.3980335,312.3489026,473.3059056,535.2079793,428.9176269,825.6409281,2044.14446,348.7751425
Varanasi,1438.442665,1037.053437,1129.721793,1174.747542,882.0775735,768.8290471,768.8290471,989.6551179,987.5193831,151.5348597,398.8302137,1739.424975,303.6622512,584.0507315,212.9252336,451.1084713,1284.153879,475.2966008,699.0194054,1284.153879,794.6152142,1037.053437,836.6108892,749.1639126,860.70726,1016.700518,386.3180137,383.3898875,322.2301648,551.7376982,1091.095087,1093.125679,1627.559897,1595.037407,1372.948066,151.5348597,429.665987,1846.33203,1739.424975,612.3796213,494.3624255,781.211296,391.975984,461.8141008,770.2961151,836.6361212,392.4382638,989.6551179,1190.990828,1209.444186,1321.45586,151.5348597,1014.935363,800.1469238,612.6295733,631.4236707,231.0468402,370.2665713,692.1789746,1218.913444,1949.852403,370.7409066,1602.791617,1059.067281,661.052439,836.6108892,742.0462606,846.3244258,720.8312307,588.7459665,1008.28447,1006.463908,942.5446325,1390.578023,1438.442665,1547.043886,1677.691636,1788.436653,915.9683747,1929.053457,1713.773564,1602.791617,895.1232737,536.2437692,999.8425235,852.5409651,268.1211254,228.3061532,183.2137066,540.3648855,567.0573738,615.1520835,117.648563,151.5348597,1438.442665,0,295.6309923,1091.095087,489.7519099,573.1457721,663.7494175,745.8909542,168.1390359,162.0279126,117.648563,1255.051906,1906.624097,740.7379986
Kanpur,1511.188344,1128.725149,1378.848103,1204.66813,1139.400978,1026.241644,1026.241644,1239.954454,1262.105741,447.1292793,677.755295,1756.398877,555.1581654,288.4197972,485.4155747,716.8935317,1221.184899,594.9529051,833.2011704,1221.184899,517.3106822,1128.725149,543.8969824,457.9125377,602.4368529,882.4301974,681.9385279,674.989678,611.4322331,291.0950471,1181.559159,1075.467879,1615.533619,1620.859811,1322.520883,447.1292793,135.3510864,1879.617232,1756.398877,462.0908204,216.4806592,613.7459365,366.3934026,331.7187962,585.9062692,636.4448368,656.7854938,1239.954454,1234.956408,1105.088577,1254.136822,447.1292793,974.3317455,722.9728593,603.1947445,886.9990146,76.97966841,519.8471175,921.9650569,1088.419636,1993.089832,610.5158436,1661.198551,782.1696842,369.1900087,543.8969824,454.3715784,566.7377495,471.2453779,294.269246,715.191173,730.0977447,698.0521939,1486.179077,1511.188344,1636.044635,1749.597464,1853.001899,623.3853058,1990.567437,1753.230304,1661.198551,894.5131244,788.9186777,1026.41243,1139.203482,72.98787134,175.7288898,183.8718651,245.1542297,274.2313674,326.8442091,187.9452489,447.1292793,1511.188344,295.6309923,0,1181.559159,229.2778426,306.6342304,381.9976317,477.0133619,245.0094057,304.787834,187.9452489,1000.839301,1975.438031,485.908897
Bareilly,1717.236676,1343.802167,1466.925907,1399.211009,1242.872426,1133.246208,1133.246208,1332.578939,1385.514555,634.2582635,824.7123582,1938.728394,684.3429881,195.8223134,639.3661617,846.7338288,1370.862142,821.8401549,1059.148586,1370.862142,305.8509135,1343.802167,371.5799282,283.1087936,376.0539696,996.8975863,864.0778926,841.7103242,811.874222,63.05914031,1395.780772,1252.569418,1785.68542,1808.380833,1477.088146,634.2582635,181.1650384,2067.99359,1938.728394,601.1923929,265.7857629,720.7338909,577.4518679,505.9184855,680.3700823,709.3895408,873.0821031,1332.578939,1434.217186,1231.888485,1400.432072,634.2582635,1143.258064,883.8448869,801.4441454,1107.760804,304.5727395,749.0588998,1148.60589,1196.779378,2184.795286,833.4056985,1861.128014,569.4394917,206.4186258,371.5799282,391.8645723,517.0169956,500.2792533,227.7047472,599.6087366,674.6160119,707.6308933,1699.258651,1717.236676,1846.25689,1953.623723,2053.79712,447.3729012,2189.419087,1945.163262,1861.128014,1084.056722,1010.069142,1223.00725,1285.121094,223.5834998,281.4881616,320.5015774,189.9350464,141.91163,153.1633306,402.2093024,634.2582635,1717.236676,489.7519099,229.2778426,1395.780772,0,83.41829555,181.5728496,256.3008443,370.7750011,429.4412878,402.2093024,774.2968636,2177.036778,257.769208
Meerut,1793.475844,1437.797417,1638.923187,1462.725492,1419.096739,1310.502151,1310.502151,1506.175598,1564.690318,811.1857331,1006.283939,1981.822546,865.5910592,164.2134831,820.623085,1027.651269,1385.585253,947.5922294,1179.17517,1385.585253,136.1313907,1437.797417,193.7417682,109.1317337,241.8681855,988.930876,1042.899773,1022.520872,985.6155306,131.3184579,1487.797208,1297.802761,1816.152362,1858.834123,1494.928443,811.1857331,278.5231052,2117.599813,1981.822546,637.3440214,309.2499104,720.4279219,682.8129695,580.8194622,672.8223554,682.1773977,1038.373678,1506.175598,1503.468862,1227.971733,1411.345704,811.1857331,1182.008268,922.3916305,882.1435519,1268.896171,458.7093087,887.411245,1300.319738,1177.475857,2237.964347,992.1383199,1927.445568,400.2097915,73.96705089,193.7417682,297.1812225,412.514571,460.9334504,197.3409352,442.2420293,552.5094644,631.0315693,1786.888304,1793.475844,1928.144096,2025.240505,2120.1126,266.9556635,2252.232163,2000.141345,1927.445568,1146.760325,1170.794774,1291.670199,1466.481777,395.6496278,462.6528035,500.5665004,201.3980335,127.3430866,65.7373805,567.2382344,811.1857331,1793.475844,663.7494175,381.9976317,1487.797208,181.5728496,105.3652571,0,110.9522592,552.1369331,611.0089035,567.2382344,630.7046521,2243.840322,152.8033553
Gorakhpur,1600.149392,1198.996967,1074.329084,1332.678658,836.622738,723.9327151,723.9327151,935.6919953,966.229883,241.953808,395.3486691,1897.070544,258.2268263,571.3239629,212.0903053,421.8408206,1425.115599,637.0076223,860.6998544,1425.115599,730.6778662,1198.996967,798.6272053,709.6058449,775.4810574,1133.057452,448.5465685,415.9448384,425.1829667,485.0118209,1253.047801,1243.238573,1780.716478,1753.481262,1517.430941,241.953808,433.4893558,2005.881825,1897.070544,715.8806821,521.2603945,881.0381743,526.6001091,567.0374868,862.1310787,921.3416249,523.5030884,935.6919953,1350.462228,1337.884946,1461.470583,241.953808,1159.639413,932.9638338,759.1755938,760.8791487,274.4217314,532.2915294,834.764068,1338.248793,2110.334227,517.4925956,1763.97461,987.9363608,626.2994425,798.6272053,753.5680709,869.6144437,773.3507841,585.8434531,1003.761762,1033.410693,1000.090126,1552.592316,1600.149392,1709.07178,1839.494476,1950.036009,875.7995659,2090.593927,1873.72807,1763.97461,1047.043259,670.2053476,1156.659133,856.8596078,244.2061445,150.3484489,122.6753814,535.2079793,539.4585411,575.0550005,210.1537884,241.953808,1600.149392,162.0279126,304.787834,1253.047801,429.4412878,509.6561573,611.0089035,674.5744619,61.93083192,0,210.1537884,1158.445239,2068.419285,657.1760013
Dehradun,1940.176427,1578.837238,1626.842904,1611.826073,1420.467531,1316.295366,1316.295366,1499.127187,1576.612736,879.81773,1044.463462,2133.925071,898.254525,315.6385405,869.0374912,1054.792466,1538.289227,1072.989104,1308.316138,1538.289227,117.915236,1578.837238,258.3027501,211.6233411,119.985273,1140.49878,1103.526329,1072.899945,1061.038377,195.028166,1629.587281,1449.34854,1968.878235,2010.174916,1647.685978,879.81773,407.950437,2269.139694,2133.925071,788.6003746,455.5034721,873.0077471,817.1061526,724.5187027,825.1112144,832.387507,1128.467003,1499.127187,1651.481337,1379.586699,1563.899038,879.81773,1334.046383,1074.137839,1026.042977,1364.32624,561.9351485,1004.46386,1406.375009,1327.168137,2389.135524,1090.757658,2076.40501,333.9140159,223.9066382,258.3027501,438.0643417,543.7124771,611.136907,349.7140385,525.003475,667.475373,769.0609332,1930.430563,1940.176427,2073.484106,2173.17756,2269.183366,302.5722399,2401.996009,2150.98438,2076.40501,1295.571548,1266.840093,1439.532744,1495.096977,479.2845226,520.0106328,563.149103,348.7751425,271.6668576,214.2313101,659.0934084,879.81773,1940.176427,740.7379986,485.908897,1629.587281,257.769208,180.1242211,152.8033553,61.47814815,604.5594642,657.1760013,659.0934084,516.819139,2392.879524,0
Kolkata,1450.737606,1082.202362,752.0404811,1317.005022,529.1181957,461.3601085,461.3601085,637.1574794,516.9799402,473.5749392,330.0405456,1834.891772,471.2983178,1208.38005,474.1631742,368.5979239,1576.057503,709.8000045,768.8128575,1576.057503,1409.16719,1082.202362,1460.346092,1372.357156,1459.943424,1448.454274,239.7884801,273.1772186,321.7308591,1163.042776,1126.021119,1336.798207,1790.647864,1686.830626,1633.066622,473.5749392,1053.106698,1898.986316,1834.891772,1124.948788,1109.033822,1283.017028,865.9506592,993.6943301,1290.959065,1366.375834,361.6644549,637.1574794,1302.706788,1575.953831,1616.209771,473.5749392,1310.756598,1192.283646,969.8936338,365.2081887,852.1662757,640.7339797,492.7356444,1623.370743,1973.309246,447.5976391,1625.823573,1670.100777,1284.739584,1460.346092,1358.105357,1453.417691,1305.773261,1211.666903,1628.32892,1607.397182,1511.336506,1358.773695,1450.737606,1509.25149,1663.408855,1779.503407,1539.527534,1914.857723,1765.426952,1625.823573,1151.890149,369.9047414,1184.102703,329.981285,889.0760424,823.9096776,783.2669714,1164.073105,1191.26474,1237.589795,735.5886,473.5749392,1450.737606,624.6175085,920.0610354,1126.021119,1103.675113,1186.42955,1282.674622,1355.777227,737.0838838,684.5639181,735.5886,1841.132208,1878.254152,1341.290667
